city,n,mean_error_c,median_error_c,mae_c,rmse_c,std_error_c,bias_sign,bias_magnitude_c,unit,classification,cause
"Taipei, TW",52,-1.587,-1.55,1.64,1.894,1.044,negative,1.587,C,HIGH_VARIANCE,high scatter (std 1.04°C) — model/noise error rather than a fixed station offset
"Munich, DE",56,-1.543,-1.5,1.596,1.882,1.087,negative,1.543,C,HIGH_VARIANCE,high scatter (std 1.09°C) — model/noise error rather than a fixed station offset
"Guangzhou, CN",50,-1.388,-1.45,1.5,1.797,1.153,negative,1.388,C,HIGH_VARIANCE,high scatter (std 1.15°C) — model/noise error rather than a fixed station offset
"Busan, KR",52,-1.319,-1.3,1.338,1.594,0.903,negative,1.319,C,HIGH_VARIANCE,high scatter (std 0.90°C) — model/noise error rather than a fixed station offset
"Beijing, CN",51,-1.182,-1.5,1.359,1.642,1.151,negative,1.182,C,HIGH_VARIANCE,high scatter (std 1.15°C) — model/noise error rather than a fixed station offset
"Panama City, PA",49,-1.045,-0.9,1.22,1.538,1.141,negative,1.045,C,HIGH_VARIANCE,high scatter (std 1.14°C) — model/noise error rather than a fixed station offset
"Mexico City, MX",50,-1.016,-1.1,1.324,1.509,1.127,negative,1.016,C,HIGH_VARIANCE,high scatter (std 1.13°C) — model/noise error rather than a fixed station offset
"Chengdu, CN",51,-0.992,-1.4,1.655,1.96,1.708,negative,0.992,C,HIGH_VARIANCE,high scatter (std 1.71°C) — model/noise error rather than a fixed station offset
"Zhengzhou, CN",37,-0.957,-1.1,1.427,1.666,1.382,negative,0.957,C,HIGH_VARIANCE,high scatter (std 1.38°C) — model/noise error rather than a fixed station offset
"Warsaw, PL",54,-0.92,-0.9,1.039,1.227,0.819,negative,0.92,C,HIGH_VARIANCE,high scatter (std 0.82°C) — model/noise error rather than a fixed station offset
"Houston, US",54,-0.877,-0.861,1.072,1.377,1.072,negative,0.877,F,HIGH_VARIANCE,high scatter (std 1.07°C) — model/noise error rather than a fixed station offset
"Paris, FR",55,-0.875,-0.9,0.976,1.147,0.748,negative,0.875,C,STATION_BIAS,"consistent under-predicts offset (mean -0.87°C, std 0.75°C) — likely different station/source vs Polymarket"
"Wellington, NZ",53,-0.868,-0.8,0.906,1.126,0.725,negative,0.868,C,STATION_BIAS,"consistent under-predicts offset (mean -0.87°C, std 0.72°C) — likely different station/source vs Polymarket"
"Milan, IT",55,-0.824,-0.8,0.969,1.158,0.822,negative,0.824,C,HIGH_VARIANCE,high scatter (std 0.82°C) — model/noise error rather than a fixed station offset
"Amsterdam, NL",56,-0.802,-0.85,0.877,1.117,0.784,negative,0.802,C,HIGH_VARIANCE,high scatter (std 0.78°C) — model/noise error rather than a fixed station offset
"Manila, PH",51,-0.784,-0.9,1.078,1.238,0.967,negative,0.784,C,HIGH_VARIANCE,high scatter (std 0.97°C) — model/noise error rather than a fixed station offset
"Miami, US",55,-0.779,-0.778,1.161,1.385,1.155,negative,0.779,F,HIGH_VARIANCE,high scatter (std 1.16°C) — model/noise error rather than a fixed station offset
"Jeddah, SA",53,0.73,0.7,0.938,1.153,0.901,positive,0.73,C,OK,within tolerance — no systematic miss cause detected
"Austin, US",54,-0.716,-0.75,1.105,1.392,1.205,negative,0.716,F,HIGH_VARIANCE,high scatter (std 1.20°C) — model/noise error rather than a fixed station offset
"Seoul (Incheon), KR",52,-0.712,-0.75,0.935,1.09,0.834,negative,0.712,C,OK,within tolerance — no systematic miss cause detected
"Denver, US",54,-0.703,-0.778,1.145,1.392,1.213,negative,0.703,F,HIGH_VARIANCE,high scatter (std 1.21°C) — model/noise error rather than a fixed station offset
"Lucknow, IN",52,-0.675,-0.7,0.844,1.014,0.764,negative,0.675,C,OK,within tolerance — no systematic miss cause detected
"Madrid, ES",55,-0.602,-0.5,0.864,1.097,0.926,negative,0.602,C,OK,within tolerance — no systematic miss cause detected
"Chicago, US",54,-0.597,-0.556,1.175,1.577,1.473,negative,0.597,F,HIGH_VARIANCE,high scatter (std 1.47°C) — model/noise error rather than a fixed station offset
"Hong Kong, HK",50,-0.566,-0.6,0.99,1.253,1.129,negative,0.566,C,HIGH_VARIANCE,high scatter (std 1.13°C) — model/noise error rather than a fixed station offset
"London, UK",55,-0.555,-0.7,0.973,1.182,1.053,negative,0.555,C,HIGH_VARIANCE,high scatter (std 1.05°C) — model/noise error rather than a fixed station offset
"Buenos Aires, AR",54,-0.491,-0.65,0.946,1.129,1.026,negative,0.491,C,HIGH_VARIANCE,high scatter (std 1.03°C) — model/noise error rather than a fixed station offset
"Tokyo, JP",52,-0.49,-0.6,0.963,1.149,1.049,negative,0.49,C,HIGH_VARIANCE,high scatter (std 1.05°C) — model/noise error rather than a fixed station offset
"Moscow, RU",55,-0.429,-0.4,0.789,0.981,0.891,negative,0.429,C,OK,within tolerance — no systematic miss cause detected
"San Francisco, US",54,0.41,0.25,1.291,1.653,1.617,positive,0.41,F,HIGH_VARIANCE,high scatter (std 1.62°C) — model/noise error rather than a fixed station offset
"Singapore, SG",51,-0.333,-0.1,0.808,1.121,1.08,negative,0.333,C,HIGH_VARIANCE,high scatter (std 1.08°C) — model/noise error rather than a fixed station offset
"Los Angeles, US",52,-0.324,-0.333,0.905,1.236,1.205,negative,0.324,F,HIGH_VARIANCE,high scatter (std 1.20°C) — model/noise error rather than a fixed station offset
"Jinan, CN",6,0.317,0.3,0.35,0.474,0.387,positive,0.317,C,OK,within tolerance — no systematic miss cause detected
"Dallas, US",53,0.27,0.444,0.866,1.038,1.012,positive,0.27,F,HIGH_VARIANCE,high scatter (std 1.01°C) — model/noise error rather than a fixed station offset
"Atlanta, US",55,-0.254,-0.222,0.912,1.165,1.148,negative,0.254,F,HIGH_VARIANCE,high scatter (std 1.15°C) — model/noise error rather than a fixed station offset
"Wuhan, CN",51,-0.253,-0.6,1.453,1.663,1.66,negative,0.253,C,HIGH_VARIANCE,high scatter (std 1.66°C) — model/noise error rather than a fixed station offset
"New York, US",55,-0.246,-0.278,0.782,0.998,0.976,negative,0.246,F,OK,within tolerance — no systematic miss cause detected
"Istanbul, TR",56,0.246,0.15,0.789,0.961,0.937,positive,0.246,C,OK,within tolerance — no systematic miss cause detected
"Sao Paulo, BR",53,-0.187,-0.2,1.243,1.537,1.54,negative,0.187,C,HIGH_VARIANCE,high scatter (std 1.54°C) — model/noise error rather than a fixed station offset
"Cape Town, ZA",53,0.175,0.1,0.968,1.137,1.135,positive,0.175,C,HIGH_VARIANCE,high scatter (std 1.13°C) — model/noise error rather than a fixed station offset
"Chongqing, CN",51,-0.153,-0.3,0.965,1.192,1.194,negative,0.153,C,HIGH_VARIANCE,high scatter (std 1.19°C) — model/noise error rather than a fixed station offset
"Tel Aviv, IL",56,-0.152,-0.05,0.527,0.689,0.678,negative,0.152,C,OK,within tolerance — no systematic miss cause detected
"Ankara, TR",56,-0.12,-0.3,0.777,1.07,1.073,negative,0.12,C,HIGH_VARIANCE,high scatter (std 1.07°C) — model/noise error rather than a fixed station offset
"Qingdao, CN",51,0.104,0.2,0.68,0.898,0.901,positive,0.104,C,OK,within tolerance — no systematic miss cause detected
"Toronto, CA",55,0.085,-0.1,0.802,1.102,1.109,positive,0.085,C,HIGH_VARIANCE,high scatter (std 1.11°C) — model/noise error rather than a fixed station offset
"Shanghai, CN",52,-0.052,0.0,0.725,0.893,0.9,negative,0.052,C,OK,within tolerance — no systematic miss cause detected
"Helsinki, FI",56,-0.036,-0.15,0.661,0.819,0.825,negative,0.036,C,OK,within tolerance — no systematic miss cause detected
"Shenzhen, CN",52,0.035,0.25,1.027,1.211,1.222,positive,0.035,C,HIGH_VARIANCE,high scatter (std 1.22°C) — model/noise error rather than a fixed station offset
"Karachi, PK",52,0.035,0.0,0.6,0.771,0.777,positive,0.035,C,OK,within tolerance — no systematic miss cause detected
"Seattle, US",53,-0.029,-0.111,0.943,1.227,1.238,negative,0.029,F,HIGH_VARIANCE,high scatter (std 1.24°C) — model/noise error rather than a fixed station offset
"Kuala Lumpur, MY",52,0.01,0.2,0.74,0.93,0.939,positive,0.01,C,OK,within tolerance — no systematic miss cause detected
