date,city,bma_mean,bma_std,confidence,models,sigma_spill,sigma_result,sigma_actual,sigma_win_prob,p5_spill,p5_result,p5_actual,p5_win_prob,mean_spill,mean_result,mean_actual,mean_win_prob,api_peak,pm_resolved,sigma_vs_api_delta,api_vs_pm_delta,spill_vs_pm_delta
2026-08-11,"Amsterdam, NL",22.1,1.03,0.542,7,21,LOSS,22.1,0.856,20,LOSS,22.1,0.979,22,WIN,22.1,0.539,22.1,,1.1,,
2026-08-11,"Ankara, TR",30.6,1.19,0.64,7,29,LOSS,32.1,0.911,29,LOSS,32.1,0.911,31,LOSS,32.1,0.368,32.1,,3.1,,
2026-08-11,"Atlanta, US",32.3,1.88,0.372,8,30,LOSS,30.8,0.889,29,LOSS,30.8,0.96,32,LOSS,30.8,0.563,30.8,,0.8,,
2026-08-11,"Austin, US",37.2,0.94,0.577,8,36,LOSS,36.7,0.899,36,LOSS,36.7,0.899,37,WIN,36.7,0.584,36.7,,0.7,,
2026-08-11,"Beijing, CN",32.9,1.25,0.574,7,32,LOSS,33.2,0.765,31,LOSS,33.2,0.936,33,WIN,33.2,0.468,33.2,,1.2,,
2026-08-11,"Buenos Aires, AR",11.1,0.97,0.614,7,10,LOSS,11.4,0.871,10,LOSS,11.4,0.871,11,WIN,11.4,0.541,11.4,,1.4,,
2026-08-11,"Busan, KR",29.3,1.19,0.521,7,28,LOSS,30.2,0.864,27,LOSS,30.2,0.974,29,LOSS,30.2,0.6,30.2,,2.2,,
2026-08-11,"Cape Town, ZA",18.8,1.43,0.435,7,17,LOSS,19.6,0.896,16,LOSS,19.6,0.975,19,LOSS,19.6,0.444,19.6,,2.6,,
2026-08-11,"Chengdu, CN",32.8,1.79,0.398,7,31,LOSS,33.6,0.842,30,LOSS,33.6,0.941,33,LOSS,33.6,0.456,33.6,,2.6,,
2026-08-11,"Chicago, US",27.5,1.91,0.371,8,26,LOSS,26.7,0.783,24,LOSS,26.7,0.966,28,LOSS,26.7,0.397,26.7,,0.7,,
2026-08-11,"Chongqing, CN",34.0,1.12,0.463,7,33,LOSS,33.6,0.813,32,LOSS,33.6,0.962,34,WIN,33.6,0.5,33.6,,0.6,,
2026-08-11,"Dallas, US",38.2,0.67,0.622,8,37,LOSS,37.9,0.964,37,LOSS,37.9,0.964,38,WIN,37.9,0.618,37.9,,0.9,,
2026-08-11,"Denver, US",34.8,0.67,0.738,8,34,LOSS,35.8,0.884,34,LOSS,35.8,0.884,35,LOSS,35.8,0.382,35.8,,1.8,,
2026-08-11,"Guangzhou, CN",35.1,0.85,0.699,7,34,LOSS,35.1,0.902,34,LOSS,35.1,0.902,35,WIN,35.1,0.547,35.1,,1.1,,
2026-08-11,"Helsinki, FI",18.1,1.16,0.587,7,17,LOSS,17.5,0.83,16,LOSS,17.5,0.965,18,WIN,17.5,0.534,17.5,,0.5,,
2026-08-11,"Hong Kong, HK",33.9,0.97,0.551,7,33,LOSS,35.7,0.823,32,LOSS,35.7,0.975,34,LOSS,35.7,0.459,35.7,,2.7,,
2026-08-11,"Houston, US",33.4,1.19,0.491,8,32,WIN,31.8,0.881,32,WIN,31.8,0.881,33,LOSS,31.8,0.632,31.8,,-0.2,,
2026-08-11,"Istanbul, TR",26.5,1.55,0.476,7,25,LOSS,27.8,0.833,24,LOSS,27.8,0.947,26,LOSS,27.8,0.626,27.8,,2.8,,
2026-08-11,"Jeddah, SA",39.2,2.61,0.383,7,37,LOSS,39.4,0.8,35,LOSS,39.4,0.946,39,WIN,39.4,0.53,39.4,,2.4,,
2026-08-11,"Jinan, CN",30.8,1.43,0.492,7,29,LOSS,32.9,0.896,28,LOSS,32.9,0.975,31,LOSS,32.9,0.444,32.9,,3.9,,
2026-08-11,"Karachi, PK",32.4,1.22,0.52,7,31,LOSS,32.5,0.875,30,LOSS,32.5,0.976,32,WIN,32.5,0.629,32.5,,1.5,,
2026-08-11,"Kuala Lumpur, MY",31.4,1.12,0.469,7,30,LOSS,32.2,0.893,30,LOSS,32.2,0.893,31,LOSS,32.2,0.639,32.2,,2.2,,
2026-08-11,"London, UK",24.5,0.67,0.739,7,24,LOSS,24.6,0.773,23,LOSS,24.6,0.988,24,LOSS,24.6,0.773,24.6,,0.6,,
2026-08-11,"Los Angeles, US",27.4,2.31,0.383,8,25,LOSS,26.6,0.851,24,LOSS,26.6,0.929,27,WIN,26.6,0.569,26.6,,1.6,,
2026-08-11,"Lucknow, IN",34.1,1.64,0.468,7,32,LOSS,33.1,0.9,31,LOSS,33.1,0.971,34,LOSS,33.1,0.524,33.1,,1.1,,
2026-08-11,"Madrid, ES",35.3,0.64,0.742,7,34,LOSS,35.6,0.979,34,LOSS,35.6,0.979,35,LOSS,35.6,0.681,35.6,,1.6,,
2026-08-11,"Manila, PH",29.8,0.73,0.588,7,29,LOSS,30.0,0.864,29,LOSS,30.0,0.864,30,WIN,30.0,0.392,30.0,,1.0,,
2026-08-11,"Mexico City, MX",25.1,1.46,0.43,7,24,WIN,23.7,0.775,23,LOSS,23.7,0.925,25,LOSS,23.7,0.527,23.7,,-0.3,,
2026-08-11,"Miami, US",32.9,1.0,0.516,8,32,LOSS,33.1,0.815,31,LOSS,33.1,0.971,33,WIN,33.1,0.46,33.1,,1.1,,
2026-08-11,"Milan, IT",35.7,1.67,0.517,7,34,LOSS,35.5,0.845,33,LOSS,35.5,0.947,36,WIN,35.5,0.429,35.5,,1.5,,
2026-08-11,"Moscow, RU",24.4,0.7,0.732,7,24,WIN,24.4,0.716,23,LOSS,24.4,0.977,24,WIN,24.4,0.716,24.4,,0.4,,
2026-08-11,"Munich, DE",28.8,1.0,0.545,7,28,LOSS,28.7,0.787,27,LOSS,28.7,0.964,29,WIN,28.7,0.421,28.7,,0.7,,
2026-08-11,"New York, US",31.0,0.88,0.643,8,30,LOSS,31.6,0.872,30,LOSS,31.6,0.872,31,LOSS,31.6,0.5,31.6,,1.6,,
2026-08-11,"Panama City, PA",33.5,1.16,0.465,7,32,LOSS,32.7,0.903,32,LOSS,32.7,0.903,34,LOSS,32.7,0.333,32.7,,0.7,,
2026-08-11,"Paris, FR",31.9,1.03,0.545,7,31,LOSS,31.7,0.808,30,LOSS,31.7,0.967,32,WIN,31.7,0.461,31.7,,0.7,,
2026-08-11,"Qingdao, CN",31.6,1.06,0.598,7,30,LOSS,32.0,0.934,30,LOSS,32.0,0.934,32,WIN,32.0,0.353,32.0,,2.0,,
2026-08-11,"San Francisco, US",21.4,2.1,0.358,8,19,LOSS,20.7,0.874,18,LOSS,20.7,0.948,21,WIN,20.7,0.576,20.7,,1.7,,
2026-08-11,"Sao Paulo, BR",16.2,0.82,0.573,7,15,LOSS,17.1,0.928,15,LOSS,17.1,0.928,16,LOSS,17.1,0.596,17.1,,2.1,,
2026-08-11,"Seattle, US",24.9,1.0,0.571,8,24,LOSS,25.9,0.815,23,LOSS,25.9,0.971,25,LOSS,25.9,0.46,25.9,,1.9,,
2026-08-11,"Seoul (Incheon), KR",30.4,2.04,0.329,7,28,LOSS,31.5,0.881,27,LOSS,31.5,0.952,30,LOSS,31.5,0.578,31.5,,3.5,,
2026-08-11,"Shanghai, CN",28.3,0.85,0.573,7,27,LOSS,27.9,0.937,27,LOSS,27.9,0.937,28,WIN,27.9,0.638,27.9,,0.9,,
2026-08-11,"Shenzhen, CN",35.1,1.31,0.565,7,34,LOSS,34.8,0.8,33,LOSS,34.8,0.946,35,WIN,34.8,0.53,34.8,,0.8,,
2026-08-11,"Singapore, SG",31.7,0.76,0.651,7,31,LOSS,33.1,0.822,30,LOSS,33.1,0.987,32,LOSS,33.1,0.346,33.1,,2.1,,
2026-08-11,"Taipei, TW",33.1,1.43,0.49,7,32,LOSS,32.9,0.779,31,LOSS,32.9,0.929,33,WIN,32.9,0.528,32.9,,0.9,,
2026-08-11,"Tel Aviv, IL",35.9,1.16,0.586,7,35,WIN,34.8,0.782,34,LOSS,34.8,0.95,36,LOSS,34.8,0.466,34.8,,-0.2,,
2026-08-11,"Tokyo, JP",29.8,0.94,0.49,7,29,LOSS,30.5,0.802,28,LOSS,30.5,0.972,30,WIN,30.5,0.416,30.5,,1.5,,
2026-08-11,"Toronto, CA",28.2,1.37,0.517,8,27,LOSS,28.8,0.81,26,LOSS,28.8,0.946,28,LOSS,28.8,0.558,28.8,,1.8,,
2026-08-11,"Warsaw, PL",22.1,1.43,0.49,7,21,LOSS,21.5,0.779,20,LOSS,21.5,0.929,22,WIN,21.5,0.528,21.5,,0.5,,
2026-08-11,"Wellington, NZ",13.6,0.91,0.558,7,12,LOSS,11.4,0.96,12,LOSS,11.4,0.96,14,LOSS,11.4,0.33,11.4,,-0.6,,
2026-08-11,"Wuhan, CN",29.5,1.31,0.446,7,28,LOSS,30.6,0.874,27,LOSS,30.6,0.972,30,LOSS,30.6,0.351,30.6,,2.6,,
2026-08-11,"Zhengzhou, CN",24.9,0.94,0.684,7,24,LOSS,25.2,0.83,23,LOSS,25.2,0.978,25,WIN,25.2,0.458,25.2,,1.2,,
2026-08-12,"Amsterdam, NL",27.4,2.01,0.381,7,25,,,0.884,24,,,0.955,27,,,0.579,,,,,
2026-08-12,"Ankara, TR",31.4,0.76,0.651,7,30,,,0.967,30,,,0.967,31,,,0.701,,,,,
2026-08-12,"Atlanta, US",32.5,1.37,0.572,8,31,,,0.864,30,,,0.966,32,,,0.643,,,,,
2026-08-12,"Austin, US",37.7,0.85,0.656,8,37,,,0.795,36,,,0.977,38,,,0.362,,,,,
2026-08-12,"Beijing, CN",25.7,0.76,0.585,7,25,,,0.822,24,,,0.987,26,,,0.346,,27.0,,,-2.0
2026-08-12,"Buenos Aires, AR",11.5,1.43,0.433,7,10,,,0.853,9,,,0.96,12,,,0.363,,,,,
2026-08-12,"Busan, KR",29.5,0.97,0.551,7,28,,,0.938,28,,,0.938,30,,,0.304,,31.0,,,-3.0
2026-08-12,"Cape Town, ZA",21.1,1.16,0.467,7,20,,,0.83,19,,,0.965,21,,,0.534,,,,,
2026-08-12,"Chengdu, CN",34.8,1.06,0.6,7,34,,,0.774,33,,,0.955,35,,,0.425,,,,,
2026-08-12,"Chicago, US",27.1,2.1,0.398,8,25,,,0.842,24,,,0.93,27,,,0.519,,,,,
2026-08-12,"Chongqing, CN",34.2,0.97,0.612,7,33,,,0.891,33,,,0.891,34,,,0.581,,,,,
2026-08-12,"Dallas, US",39.1,0.91,0.641,8,38,,,0.886,38,,,0.886,39,,,0.544,,,,,
2026-08-12,"Denver, US",34.3,1.37,0.52,8,33,,,0.829,32,,,0.954,34,,,0.587,,,,,
2026-08-12,"Guangzhou, CN",36.5,1.09,0.59,7,35,,,0.915,35,,,0.915,36,,,0.676,,,,,
2026-08-12,"Helsinki, FI",17.8,0.73,0.587,7,17,,,0.864,17,,,0.864,18,,,0.392,,,,,
2026-08-12,"Hong Kong, HK",33.0,1.0,0.673,7,32,,,0.841,31,,,0.977,33,,,0.5,,34.0,,,-2.0
2026-08-12,"Houston, US",34.6,1.19,0.598,8,33,,,0.911,33,,,0.911,35,,,0.368,,,,,
2026-08-12,"Istanbul, TR",27.6,1.73,0.353,7,26,,,0.822,25,,,0.933,28,,,0.409,,,,,
2026-08-12,"Jeddah, SA",38.8,1.98,0.435,7,37,,,0.819,36,,,0.922,39,,,0.46,,,,,
2026-08-12,"Jinan, CN",28.9,1.52,0.536,7,27,,,0.894,26,,,0.972,29,,,0.474,,,,,
2026-08-12,"Karachi, PK",32.7,1.22,0.457,7,31,,,0.919,31,,,0.919,33,,,0.403,,,,,
2026-08-12,"Kuala Lumpur, MY",32.3,1.25,0.572,7,31,,,0.852,30,,,0.968,32,,,0.595,,,,,
2026-08-12,"London, UK",30.9,0.73,0.791,7,30,,,0.891,30,,,0.891,31,,,0.445,,,,,
2026-08-12,"Lucknow, IN",35.6,1.64,0.415,7,34,,,0.835,33,,,0.943,36,,,0.404,,,,,
2026-08-12,"Madrid, ES",37.4,0.58,0.756,7,37,,,0.756,36,,,0.992,37,,,0.756,,,,,
2026-08-12,"Manila, PH",29.1,0.82,0.766,7,28,,,0.91,28,,,0.91,29,,,0.548,,,,,
2026-08-12,"Mexico City, MX",24.9,1.28,0.508,7,24,,,0.76,23,,,0.932,25,,,0.469,,,,,
2026-08-12,"Miami, US",33.2,0.97,0.517,8,32,,,0.891,32,,,0.891,33,,,0.581,,,,,
2026-08-12,"Milan, IT",34.3,2.13,0.373,7,32,,,0.86,31,,,0.94,34,,,0.556,,,,,
2026-08-12,"Moscow, RU",17.7,0.7,0.66,7,17,,,0.842,16,,,0.992,18,,,0.334,,,,,
2026-08-12,"Munich, DE",28.5,0.85,0.697,7,27,,,0.961,27,,,0.961,28,,,0.722,,,,,
2026-08-12,"New York, US",31.0,1.12,0.549,8,30,,,0.813,29,,,0.962,31,,,0.5,,,,,
2026-08-12,"Panama City, PA",31.8,1.31,0.504,7,30,,,0.916,30,,,0.916,32,,,0.439,,,,,
2026-08-12,"Paris, FR",34.8,1.12,0.591,7,34,,,0.762,33,,,0.945,35,,,0.429,,,,,
2026-08-12,"Qingdao, CN",30.8,1.09,0.535,7,30,,,0.768,29,,,0.95,31,,,0.427,,,,,
2026-08-12,"Sao Paulo, BR",23.4,1.09,0.469,7,22,,,0.9,22,,,0.9,23,,,0.643,,,,,
2026-08-12,"Seoul (Incheon), KR",30.3,1.76,0.456,7,29,,,0.77,27,,,0.969,30,,,0.568,,,,,
2026-08-12,"Shanghai, CN",27.7,0.79,0.645,7,27,,,0.812,26,,,0.984,28,,,0.352,,27.0,,,0.0
2026-08-12,"Shenzhen, CN",34.7,1.61,0.415,7,33,,,0.854,32,,,0.953,35,,,0.426,,36.0,,,-3.0
2026-08-12,"Singapore, SG",31.5,0.76,0.65,7,30,,,0.976,30,,,0.976,32,,,0.255,,32.0,,,-2.0
2026-08-12,"Taipei, TW",33.6,1.58,0.418,7,32,,,0.844,31,,,0.95,34,,,0.4,,,,,
2026-08-12,"Tel Aviv, IL",35.5,0.85,0.629,7,34,,,0.961,34,,,0.961,36,,,0.278,,,,,
2026-08-12,"Tokyo, JP",27.5,1.03,0.607,7,26,,,0.927,26,,,0.927,28,,,0.314,,29.0,,,-3.0
2026-08-12,"Toronto, CA",26.1,1.49,0.456,8,25,,,0.77,24,,,0.921,26,,,0.527,,,,,
2026-08-12,"Warsaw, PL",22.6,1.19,0.519,7,21,,,0.911,21,,,0.911,23,,,0.368,,,,,
2026-08-12,"Wellington, NZ",13.5,0.67,0.734,7,13,,,0.773,12,,,0.988,14,,,0.227,,14.0,,,-1.0
2026-08-12,"Wuhan, CN",29.3,0.97,0.614,7,28,,,0.909,28,,,0.909,29,,,0.621,,,,,
2026-08-12,"Zhengzhou, CN",23.8,0.64,0.605,7,23,,,0.895,23,,,0.895,24,,,0.377,,,,,
